,news_headline,news_article,news_category,token,labels_true,principal component 1,principal component 2,labels
0,OPPO to unveil Reno6 Pro 5G with Bokeh Flare Portrait Video today,"OPPO is set to launch the Reno6 Pro 5G equipped with Bokeh Flare Portrait Video and AI Highlight Video today. Featuring Reno Glow design, the device has a sleek 7.6 mm body and weighs 177g. Powered by MediaTek Dimensity 1200 5G chipset, OPPO Reno6 Pro 5G comes with 65W SuperVOOC 2.0 flash charging along with 12 GB RAM/256GB ROM.",technology,"['oppo', 'set', 'launch', 'reno', 'pro', 'equipped', 'bokeh', 'flare', 'portrait', 'video', 'highlight', 'video', 'today', 'featuring', 'reno', 'glow', 'design', 'device', 'sleek', 'body', 'weighs', 'powered', 'mediatek', 'dimensity', 'chipset', 'oppo', 'reno', 'pro', 'comes', 'supervooc', 'flash', 'charging', 'ram', 'rom']",2,-0.05964928179966537,-0.13462936973829204,2
1,Have to be CEO or Tesla would die: Elon Musk tells US court,"During a US trial over SolarCity's acquisition, billionaire Elon Musk said he tried ""very hard not to be the CEO of Tesla, but I have to or frankly Tesla is going to die"". He added ""I prefer to spend my time on design and engineering"" rather than being the boss of anyone. He also insisted that the board controlled Tesla. ",technology,"['trial', 'solarcity', 'acquisition', 'billionaire', 'elon', 'musk', 'said', 'tried', 'hard', 'ceo', 'tesla', 'frankly', 'tesla', 'going', 'die', 'added', 'prefer', 'spend', 'time', 'design', 'engineering', 'boss', 'insisted', 'board', 'controlled', 'tesla']",2,-0.08955887885200368,-0.03235269728821523,2
2,"Elon Musk pays $10,000 deposit to Virgin Galactic for $250,000 space flight ticket","SpaceX CEO Elon Musk has paid a $10,000 (around ₹7.5 lakh) deposit to Richard Branson's Virgin Galactic to book a $250,000 (₹1.86 crore) space flight ticket. Branson confirmed this to The Sunday Times, however, he said a date has not been set yet. ""Elon's a friend and maybe I'll travel on one of his ships one day,"" Branson said.",technology,"['spacex', 'ceo', 'elon', 'musk', 'paid', 'lakh', 'deposit', 'richard', 'branson', 'virgin', 'galactic', 'book', 'crore', 'space', 'flight', 'ticket', 'branson', 'confirmed', 'sunday', 'times', 'said', 'date', 'set', 'elon', 'friend', 'maybe', 'travel', 'ships', 'day', 'branson', 'said']",2,-0.041982448881896,-0.07936747580806877,2
3,'Google constantly listens to your conversations' is a 'myth': Google,"Google in a Facebook post called the notion about the company constantly listening to people's conversations a ""myth"". ""Google Assistant stays in standby mode and gets activated ONLY when you say, 'Ok Google',"" Google stated as a fact in its post. It shared a detailed link saying that it'll now be answering frequently asked questions about privacy and its products.",technology,"['google', 'facebook', 'post', 'called', 'notion', 'company', 'constantly', 'listening', 'people', 'conversations', 'myth', 'google', 'assistant', 'stays', 'standby', 'mode', 'gets', 'activated', 'say', 'google', 'google', 'stated', 'fact', 'post', 'shared', 'detailed', 'link', 'saying', 'answering', 'frequently', 'asked', 'questions', 'privacy', 'products']",2,-0.1992216727893212,-0.01720144970028407,2
4,"Google fined ₹4,400 crore by France over news copyright issue","Google has been fined €500 million (over ₹4,400 crore) in France over news copyright issue. The search giant failed to follow an order to reach a fair deal with publishers to use their news content on its platform. Google ignored the 2020 decision over displaying snippets of articles on its Google News service.",technology,"['google', 'fined', 'million', 'crore', 'france', 'news', 'copyright', 'issue', 'search', 'giant', 'failed', 'follow', 'order', 'reach', 'fair', 'deal', 'publishers', 'use', 'news', 'content', 'platform', 'google', 'ignored', 'decision', 'displaying', 'snippets', 'articles', 'google', 'news', 'service']",2,-0.20600879293053637,-0.049292473390497665,2
5,Who have been named the top CEOs for women amongst large US companies?,"Adobe's India-born CEO Shantanu Narayen has topped Comparably's list of the 25 best CEOs of large US companies rated by female employees. He's followed by Farmers Insurance CEO Jeffrey Dailey, Medallia's Leslie Stretch, and HubSpot's Brian Halligan. Microsoft CEO Satya Nadella ranks 9th on the list, Zoom's Eric Yuan 16th and IBM's Arvind Krishna ranks 17th on the list.",technology,"['adobe', 'india', 'born', 'ceo', 'shantanu', 'narayen', 'topped', 'comparably', 'list', 'best', 'ceos', 'large', 'companies', 'rated', 'female', 'employees', 'followed', 'farmers', 'insurance', 'ceo', 'jeffrey', 'dailey', 'medallia', 'leslie', 'stretch', 'hubspot', 'brian', 'halligan', 'microsoft', 'ceo', 'satya', 'nadella', 'ranks', 'list', 'zoom', 'eric', 'yuan', 'ibm', 'arvind', 'krishna', 'ranks', 'list']",2,0.05757035431946053,-0.03274043214928776,0
6,Google faces up to ₹8 crore fine per day in dispute with French news publishers,"Google must come up with proposals within two months to compensate French news publishers or face additional fines of up to €900,000 (around ₹8 crore) per day, France said. It fined Google €500-million (over ₹4,400 crore) for failing to strike a ""fair"" deal with publishers to use their content. Google ignored a 2020 order to fairly compensate publishers, France said.",technology,"['google', 'come', 'proposals', 'months', 'compensate', 'french', 'news', 'publishers', 'face', 'additional', 'fines', 'crore', 'day', 'france', 'said', 'fined', 'google', 'million', 'crore', 'failing', 'strike', 'fair', 'deal', 'publishers', 'use', 'content', 'google', 'ignored', 'order', 'fairly', 'compensate', 'publishers', 'france', 'said']",2,-0.19177236910360784,-0.04060514651545221,2
7,You're a bad human being: Musk to lawyer while defending Tesla-SolarCity deal,"World's second-richest person Elon Musk called a lawyer representing SolarCity shareholders at a US court ""a bad human being"". Musk, who was defending Tesla's 2016 acquisition of SolarCity for $2.6 billion, said, ""I've great respect for the court...but not for you, sir."" A shareholder lawsuit accuses Musk of conflict of interest as SolarCity was founded by Musk and his cousins.",technology,"['world', 'second', 'richest', 'person', 'elon', 'musk', 'called', 'lawyer', 'representing', 'solarcity', 'shareholders', 'court', 'bad', 'human', 'musk', 'defending', 'tesla', 'acquisition', 'solarcity', 'billion', 'said', 'great', 'respect', 'court', 'sir', 'shareholder', 'lawsuit', 'accuses', 'musk', 'conflict', 'solarcity', 'founded', 'musk', 'cousins']",2,-0.0980225985555095,0.021540957370523483,2
8,"Free, open internet under attack in several countries: Google CEO Sundar Pichai","Google and Alphabet's CEO Sundar Pichai in an interview with BBC said ""free and open internet is under attack"" globally. He was responding to a question on whether the Chinese model of the internet was on the rise. Many countries ""are restricting the flow of information"" and the idea of an open internet is taken for granted, Pichai added.",technology,"['google', 'alphabet', 'ceo', 'sundar', 'pichai', 'interview', 'bbc', 'said', 'free', 'open', 'internet', 'attack', 'globally', 'responding', 'question', 'chinese', 'model', 'internet', 'rise', 'countries', 'restricting', 'flow', 'information', 'idea', 'open', 'internet', 'taken', 'granted', 'pichai', 'added']",2,-0.12364291761523151,-0.013228271412230435,2
9,"Bill Gates admits to 'messing up', blames himself for divorce with Melinda: Report","Microsoft Co-founder Bill Gates during Allen & Company's Sun Valley Conference last week admitted to ""messing up"" his 27 years of marriage with Melinda French Gates, The New York Post reported. ""He basically referred to the fact that it [the divorce] was his fault,"" a conference attendee said. ""He might have been on the verge of tears,"" the attendee added.
",technology,"['microsoft', 'founder', 'gates', 'allen', 'company', 'sun', 'valley', 'conference', 'week', 'admitted', 'messing', 'years', 'marriage', 'melinda', 'french', 'gates', 'new', 'york', 'post', 'reported', 'basically', 'referred', 'fact', 'divorce', 'fault', 'conference', 'attendee', 'said', 'verge', 'tears', 'attendee', 'added']",2,-0.07167882231876194,-0.03545394431485848,2
10,Copa America Trophy to be minted as NFT,"Community-oriented platform Ethernity Chain has announced that it will mint the Copa America trophy as a non-fungible token (NFT) in association with the South American Football Confederation (CONMEBOL). Recently, Argentina beat Brazil 1-0 to win their 15th Copa America title. Four other digital collectibles, commemorating the football teams of Argentina and Brazil, are also being minted,.",technology,"['community', 'oriented', 'platform', 'ethernity', 'chain', 'announced', 'mint', 'copa', 'america', 'trophy', 'non', 'fungible', 'token', 'nft', 'association', 'south', 'american', 'football', 'confederation', 'conmebol', 'recently', 'argentina', 'beat', 'brazil', 'win', 'copa', 'america', 'title', 'digital', 'collectibles', 'commemorating', 'football', 'teams', 'argentina', 'brazil', 'minted']",2,0.06304068028055959,-0.16555890335526355,0
11,Facebook staff want it to do more against UK players' abuse: Report,"Several Facebook employees are ""frustrated"" that it is not doing enough to stop racist comments on English footballers Bukayo Saka and Marcus Rashford's accounts, journalist Ryan Mac reported. The employees have been flagging comments for over 12 hours now and some are wondering why Facebook wasn't more prepared. Facebook said it removed comments and accounts directing abuse at the players.",technology,"['facebook', 'employees', 'frustrated', 'doing', 'stop', 'racist', 'comments', 'english', 'footballers', 'bukayo', 'saka', 'marcus', 'rashford', 'accounts', 'journalist', 'ryan', 'mac', 'reported', 'employees', 'flagging', 'comments', 'hours', 'wondering', 'facebook', 'wasn', 'prepared', 'facebook', 'said', 'removed', 'comments', 'accounts', 'directing', 'abuse', 'players']",2,-0.10390985866179775,-0.024319159617964093,2
12,Billionaire Branson acquires stake in 1st space tech fund Seraphim,"Virgin Group's billionaire Founder Richard Branson has acquired a stake in Seraphim Space Investment Trust, the first venture capital fund focused on the space sector. Branson purchased the stock as part of a 178 million pound ($247 million) initial public offering, Seraphim's Chairman Will Whitehorn said, without revealing the size of Branson's investment. Branson flew to space on Sunday.",technology,"['virgin', 'group', 'billionaire', 'founder', 'richard', 'branson', 'acquired', 'stake', 'seraphim', 'space', 'investment', 'trust', 'venture', 'capital', 'fund', 'focused', 'space', 'sector', 'branson', 'purchased', 'stock', 'million', 'pound', 'million', 'initial', 'public', 'offering', 'seraphim', 'chairman', 'whitehorn', 'said', 'revealing', 'size', 'branson', 'investment', 'branson', 'flew', 'space', 'sunday']",2,-0.12728037624571711,-0.02533546866327668,2
13,Elon Musk says his 'sense of humour' gives free press for Tesla,"Tesla CEO Elon Musk, in response to being questioned about giving himself the title of 'Technoking of Tesla' in a US court, said he thinks he is ""funny"" and that his ""sense of humour"" gives Tesla free press. He added if his company entertains people, they will write stories about it. Musk was in court to defend Tesla's SolarCity acquisition.",technology,"['tesla', 'ceo', 'elon', 'musk', 'response', 'questioned', 'giving', 'title', 'technoking', 'tesla', 'court', 'said', 'thinks', 'funny', 'sense', 'humour', 'gives', 'tesla', 'free', 'press', 'added', 'company', 'entertains', 'people', 'write', 'stories', 'musk', 'court', 'defend', 'tesla', 'solarcity', 'acquisition']",2,-0.07956452629534815,-0.03039531735535101,2
14,Bhutan adopts India's BHIM UPI payments system,"Finance Minister Nirmala Sitharaman and her Bhutanese counterpart Lyonpo Namgay Tshering jointly launched India's BHIM UPI payments system in Bhutan. With this, Bhutan has become the first country to adopt UPI standards for its QR deployment. ""BHIM UPI is one of the achievements of India in terms of fintech,"" Sitharaman said, who also made a live transaction during the launch.",technology,"['finance', 'minister', 'nirmala', 'sitharaman', 'bhutanese', 'counterpart', 'lyonpo', 'namgay', 'tshering', 'jointly', 'launched', 'india', 'bhim', 'upi', 'payments', 'bhutan', 'bhutan', 'country', 'adopt', 'upi', 'standards', 'deployment', 'bhim', 'upi', 'achievements', 'india', 'terms', 'fintech', 'sitharaman', 'said', 'live', 'transaction', 'launch']",2,0.04069690787677485,0.07739506629316423,1
15,"Man who bought $93,000 Bitcoin in a day gets 3 yrs prison in US","A 33-year-old identity thief, who bought at least $166,000 (₹1.23 crore) in Bitcoin between February 2017-November 2017, has been given three years prison term in the US. Aaron Laws bought the bulk of this Bitcoin, $93,000, on August 23. Between February 2017 and December 2018, Laws bought various items, including a diamond-encrusted pendant in the shape of a Bitcoin symbol. ",technology,"['year', 'old', 'identity', 'thief', 'bought', 'crore', 'bitcoin', 'february', 'november', 'given', 'years', 'prison', 'term', 'aaron', 'laws', 'bought', 'bulk', 'bitcoin', 'august', 'february', 'december', 'laws', 'bought', 'various', 'items', 'including', 'diamond', 'encrusted', 'pendant', 'shape', 'bitcoin', 'symbol']",2,-0.09520727023910804,-0.05815739217107146,2
16,Tesla Cybertruck to use Samsung cameras under $436 mn deal: Report,"Samsung has signed a $436 million deal to supply camera modules for Tesla Cybertruck, media reports said citing South Korean news outlets. The EV will have more than eight cameras and feature cameras instead of side mirrors. Earlier, Tesla CEO Elon Musk had said Cybertruck will have rear wheel steering to make ""tight turns"" and manoeuvre with ""high agility"".
",technology,"['samsung', 'signed', 'million', 'deal', 'supply', 'camera', 'modules', 'tesla', 'cybertruck', 'media', 'reports', 'said', 'citing', 'south', 'korean', 'news', 'outlets', 'cameras', 'feature', 'cameras', 'instead', 'mirrors', 'earlier', 'tesla', 'ceo', 'elon', 'musk', 'said', 'cybertruck', 'rear', 'wheel', 'steering', 'make', 'tight', 'turns', 'manoeuvre', 'high', 'agility']",2,-0.11773924778023401,-0.06661065860533641,2
17,Tesla Solar Panels led to mould in our house: US couple seeking ₹85 lakh,"A US couple has said Tesla Solar Panels installed on their house have led to several leaks and mould, Business Insider reported. They have now faced 18 months of multiple leaks and a mould infestation that forced them out of their home for three months. The couple has an ongoing dispute with Tesla and seeks ₹85.7 lakh ($115,000) in damages.",technology,"['couple', 'said', 'tesla', 'solar', 'panels', 'installed', 'house', 'led', 'leaks', 'mould', 'business', 'insider', 'reported', 'faced', 'months', 'multiple', 'leaks', 'mould', 'infestation', 'forced', 'home', 'months', 'couple', 'ongoing', 'dispute', 'tesla', 'seeks', 'lakh', 'damages']",2,-0.18016342022343695,0.000807187555334402,2
18,Gmail to roll out authenticated brand logo feature in coming weeks,"Gmail will be rolling out the support for authenticated brand logo safety feature for emails in the coming weeks. The platform had announced the Brand Indicators for Message Identification (BIMI) pilot last year, under which brands could add their logos to authenticated emails. BIMI leverages Mark Verifying Authorities to verify logo ownership and provide proof of verification.",technology,"['gmail', 'rolling', 'support', 'authenticated', 'brand', 'logo', 'safety', 'feature', 'emails', 'coming', 'weeks', 'platform', 'announced', 'brand', 'indicators', 'message', 'identification', 'bimi', 'pilot', 'year', 'brands', 'add', 'logos', 'authenticated', 'emails', 'bimi', 'leverages', 'mark', 'verifying', 'authorities', 'verify', 'logo', 'ownership', 'provide', 'proof', 'verification']",2,-0.21259229159221707,-0.04509476897341242,2
19,"Indore Police's website hacked, slogans like 'free Kashmir' posted","The 'Contact Us' section of the Indore Police website was hacked on Tuesday and objectionable content about Prime Minister Narendra Modi along with slogans like ""free Kashmir"" were posted on it, officials said. One 'Muhammad Bilal Team PCE' claimed to have hacked the website. A senior police official said the accused will be held soon. ",technology,"['contact', 'section', 'indore', 'police', 'website', 'hacked', 'tuesday', 'objectionable', 'content', 'prime', 'minister', 'narendra', 'modi', 'slogans', 'like', 'free', 'kashmir', 'posted', 'officials', 'said', 'muhammad', 'bilal', 'team', 'pce', 'claimed', 'hacked', 'website', 'senior', 'police', 'official', 'said', 'accused', 'held', 'soon']",2,-0.003551520105923663,0.11139909956696614,1
20,1 Bitcoin's carbon footprint equals 1.3 lakh hrs of YouTube videos: Report,"A single Bitcoin transaction can consume up to 1752.79 KWh of electrical energy on an average, according to Digiconomist's Bitcoin Energy Consumption Index. The carbon footprint of this one transaction is equivalent to 1,38,762 hours of watching videos on YouTube. The report suggests that if Bitcoin was a country, it would account for 3.2% of total energy consumption in US.",technology,"['single', 'bitcoin', 'transaction', 'consume', 'kwh', 'electrical', 'energy', 'average', 'according', 'digiconomist', 'bitcoin', 'energy', 'consumption', 'index', 'carbon', 'footprint', 'transaction', 'equivalent', 'hours', 'watching', 'videos', 'youtube', 'report', 'suggests', 'bitcoin', 'country', 'account', 'total', 'energy', 'consumption']",2,-0.2240623774849741,-0.030100415918556934,2
21,"Twitter 'mistakenly' verifies fake accounts, suspends them later","Twitter has admitted that it ""mistakenly"" verified a small number of fake accounts and have suspended them permanently. This comes after a data scientist discovered six verified accounts created on June 16, with roughly and mostly the same 1,000 followers. The accounts hadn't posted a single tweet and two of them appeared to be using stock photographs as profile pictures.",technology,"['twitter', 'admitted', 'mistakenly', 'verified', 'small', 'number', 'fake', 'accounts', 'suspended', 'permanently', 'comes', 'data', 'scientist', 'discovered', 'verified', 'accounts', 'created', 'june', 'roughly', 'followers', 'accounts', 'hadn', 'posted', 'single', 'tweet', 'appeared', 'using', 'stock', 'photographs', 'profile', 'pictures']",2,-0.18199888994325691,-0.03818015352068992,2
22,Community-owned Indonesian resort's NFTs to be auctioned in July,"The world's ""first-ever"" community-owned Indonesian resort's Rewarding Timeshare (RTS) NFT will be auctioned by the LABS Group on July 15. The resort NFT ownership will tokenise and fractionalise the entire resort into 365 RTS-NFTs, and each will be sold through an auction for 13 days. Each RTS-NFT will carry a staying right that can be exchanged with other RTS-NFT holders.",technology,"['world', 'community', 'owned', 'indonesian', 'resort', 'rewarding', 'timeshare', 'rts', 'nft', 'auctioned', 'labs', 'group', 'july', 'resort', 'nft', 'ownership', 'tokenise', 'fractionalise', 'entire', 'resort', 'rts', 'nfts', 'sold', 'auction', 'days', 'rts', 'nft', 'carry', 'staying', 'right', 'exchanged', 'rts', 'nft', 'holders']",2,-0.022726831520477428,-0.05328077926193549,2
23,Instagram tests 'Reshare' label in Stories for recently seen Posts,"Instagram is testing a new feature that will let users reshare Posts that they have viewed in the last hour, saved or posted themselves, to their Stories. The content will be collected under a new 'Reshare' sticker, which can be found in the sticker tray when creating a Story. Instagram earlier tested the option to completely disable resharing of Posts.",technology,"['instagram', 'testing', 'new', 'feature', 'let', 'users', 'reshare', 'posts', 'viewed', 'hour', 'saved', 'posted', 'stories', 'content', 'collected', 'new', 'reshare', 'sticker', 'sticker', 'tray', 'creating', 'story', 'instagram', 'earlier', 'tested', 'option', 'completely', 'disable', 'resharing', 'posts']",2,-0.18816872010705202,-0.08563794473753597,2
24,British police seize record $249 mn of cryptocurrency in London,"British police have seized a record $249 million worth of cryptocurrency linked to international money laundering in London. The haul follows a previous confiscation of cryptocurrency worth $157.9 million by the police on June 24. A 39-year-old woman, arrested on suspicion of money laundering on June 24, has been interviewed over the new seizure.",technology,"['british', 'police', 'seized', 'record', 'million', 'worth', 'cryptocurrency', 'linked', 'international', 'money', 'laundering', 'london', 'haul', 'follows', 'previous', 'confiscation', 'cryptocurrency', 'worth', 'million', 'police', 'june', 'year', 'old', 'woman', 'arrested', 'suspicion', 'money', 'laundering', 'june', 'interviewed', 'new', 'seizure']",2,-0.11991632786670275,-0.012492724008270435,2
25,I will eat ice-cream with you after the Tokyo Olympics: PM Modi to PV Sindhu ,"During an online interaction with India's Tokyo-bound athletes, PM Narendra Modi asked ace badminton player PV Sindhu if she was banned from eating ice-cream just like during the 2016 Rio Olympics. Sindhu said she couldn't eat a lot of ice-cream as she had to control her diet. PM then said, ""When you come back...I'll have ice-cream with you.""",sports,"['online', 'interaction', 'india', 'tokyo', 'bound', 'athletes', 'narendra', 'modi', 'asked', 'ace', 'badminton', 'player', 'sindhu', 'banned', 'eating', 'ice', 'cream', 'just', 'like', 'rio', 'olympics', 'sindhu', 'said', 'couldn', 'eat', 'lot', 'ice', 'cream', 'control', 'diet', 'said', 'come', 'ice', 'cream']",0,0.055868974502578155,-0.06906198639595289,0
26,Ireland beat South Africa for the first time in ODI cricket,"Ireland defeated South Africa by 43 runs in the second ODI of the three-match series. It's Ireland's first-ever victory against South Africa in ODIs. Ireland captain Andy Balbirnie smashed a hundred to help his team put up a total of 290/5. South Africa were dismissed for 247 as Ireland's Mark Adair, Joshua Little and Andy McBrine took two wickets each.",sports,"['ireland', 'defeated', 'south', 'africa', 'runs', 'second', 'odi', 'match', 'series', 'ireland', 'victory', 'south', 'africa', 'odis', 'ireland', 'captain', 'andy', 'balbirnie', 'smashed', 'help', 'team', 'total', 'south', 'africa', 'dismissed', 'ireland', 'mark', 'adair', 'joshua', 'little', 'andy', 'mcbrine', 'took', 'wickets']",0,0.16183483640727409,-0.16501266914330773,0
27,Crawl back under your rock: UK PM to those racially abusing football players,"Condemning people who are racially abusing England players after the team's Euro 2020 final defeat against Italy, UK PM Boris Johnson said, ""I hope you will crawl back under the rock from which you emerged."" Black England players Bukayo Saka, Marcus Rashford and Jadon Sancho were racially abused after they failed to score in the penalty shootout in the final.",sports,"['condemning', 'people', 'racially', 'abusing', 'england', 'players', 'team', 'euro', 'final', 'defeat', 'italy', 'boris', 'johnson', 'said', 'hope', 'crawl', 'rock', 'emerged', 'black', 'england', 'players', 'bukayo', 'saka', 'marcus', 'rashford', 'jadon', 'sancho', 'racially', 'abused', 'failed', 'score', 'penalty', 'shootout', 'final']",0,0.06090751539008921,-0.11421547292112945,0
28,"F1 driver Lando's £40,000 watch stolen outside Wembley Stadium after Euro final","British-Belgian Formula One driver Lando Norris was robbed outside Wembley Stadium in London after attending the Euro 2020 final on Sunday. The 21-year-old had his personalised £40,000 watch stolen while he was going towards his car. McLaren F1 team revealed that a police investigation is underway and, although Lando was left unhurt, he is ""still in shock"" after the incident.",sports,"['british', 'belgian', 'formula', 'driver', 'lando', 'norris', 'robbed', 'outside', 'wembley', 'stadium', 'london', 'attending', 'euro', 'final', 'sunday', 'year', 'old', 'personalised', 'watch', 'stolen', 'going', 'car', 'mclaren', 'team', 'revealed', 'police', 'investigation', 'underway', 'lando', 'left', 'unhurt', 'shock', 'incident']",0,0.008550810789205363,-0.10535199502974855,0
29,"India to send 228 members to Tokyo Games, its largest-ever Olympic contingent","India will be sending a 228-strong contingent to the Tokyo Olympics, including 119 athletes, IOA President Narinder Batra said on Tuesday. This will be India’s largest-ever contingent of athletes at the Olympics. Out of the 119 athletes, 67 are male and 52 female participants, Batra said during Prime Minister Narendra Modi’s interaction with Olympic-bound athletes. ",sports,"['india', 'sending', 'strong', 'contingent', 'tokyo', 'olympics', 'including', 'athletes', 'ioa', 'president', 'narinder', 'batra', 'said', 'tuesday', 'india', 'largest', 'contingent', 'athletes', 'olympics', 'athletes', 'male', 'female', 'participants', 'batra', 'said', 'prime', 'minister', 'narendra', 'modi', 'interaction', 'olympic', 'bound', 'athletes']",0,0.09708213504545282,0.025692169543247316,1
30,Roger Federer withdraws from Tokyo Olympics due to knee injury,"Twenty-time Grand Slam champion Roger Federer has withdrawn from Tokyo Olympics due to knee injury he sustained during the grass-court season. ""I'm greatly disappointed...as it has been an honour and highlight of my career each time I've represented Switzerland,"" he said. The 39-year-old added that he is planning to return to ATP Tour later in the year following rehabilitation work.
",sports,"['time', 'grand', 'slam', 'champion', 'roger', 'federer', 'withdrawn', 'tokyo', 'olympics', 'knee', 'injury', 'sustained', 'grass', 'court', 'season', 'greatly', 'disappointed', 'honour', 'highlight', 'career', 'time', 'represented', 'switzerland', 'said', 'year', 'old', 'added', 'planning', 'return', 'atp', 'tour', 'later', 'year', 'following', 'rehabilitation', 'work']",0,0.001622064321651153,-0.11019361274286447,0
31,ICC don't want me to use 'The Universe Boss' sticker: Chris Gayle,"Talking about using just 'The Boss' sticker instead of 'The Universe Boss' sticker, West Indies' 41-year-old all-rounder Chris Gayle said, ""The ICC don't want me to use 'The Universe Boss' sticker so I've shortened it."" On being asked if the ICC have copyright over 'Universe Boss', Gayle jokingly added, ""I am the boss of cricket, not the ICC.""",sports,"['talking', 'using', 'just', 'boss', 'sticker', 'instead', 'universe', 'boss', 'sticker', 'west', 'indies', 'year', 'old', 'rounder', 'chris', 'gayle', 'said', 'icc', 'don', 'want', 'use', 'universe', 'boss', 'sticker', 'shortened', 'asked', 'icc', 'copyright', 'universe', 'boss', 'gayle', 'jokingly', 'added', 'boss', 'cricket', 'icc']",0,0.010331040654914246,-0.07629771334261587,0
32,Fan's 2013 tweet predicting Italy's win over England in Euro 2020 goes viral,"A football fan's eight-year-old tweet correctly predicting Italy's win over England in the Euro 2020 final after a penalty shootout has gone viral on social media. However, the fan said he doesn't remember predicting the result and tweeted, ""WHY has someone found this, I don't even know what this is or what game I was presumably playing.""",sports,"['football', 'fan', 'year', 'old', 'tweet', 'correctly', 'predicting', 'italy', 'win', 'england', 'euro', 'final', 'penalty', 'shootout', 'gone', 'viral', 'social', 'media', 'fan', 'said', 'doesn', 'remember', 'predicting', 'result', 'tweeted', 'don', 'know', 'game', 'presumably', 'playing']",0,-0.03553339148578945,-0.1546461184986565,0
33,Was excited to show him what we've done: '83' maker on Yashpal's death,"Following the demise of former Indian cricketer Yashpal Sharma, '83' director Kabir Khan said, ""We received the news in the morning, and it's terrible and shocking."" ""I was really excited to show him what we've done with his character...it's sad we couldn't show him that part,"" he added. '83' is based on India's win in the 1983 Cricket World Cup. ",sports,"['following', 'demise', 'indian', 'cricketer', 'yashpal', 'sharma', 'director', 'kabir', 'khan', 'said', 'received', 'news', 'morning', 'terrible', 'shocking', 'really', 'excited', 'character', 'sad', 'couldn', 'added', 'based', 'india', 'win', 'cricket', 'world', 'cup']",0,0.08266004666325878,-0.043874947583613606,0
34,History will never forget you: Jatin Sarna on Yashpal Sharma's death,"Actor Jatin Sarna took to Instagram to mourn the demise of former India cricketer Yashpal Sharma, whose role he plays in the upcoming movie '83, saying, ""History will never forget you."" Sarna also shared pictures of the 1983 World Cup-winning batsman with himself and the '83 team. ""The innings were still left...we had to watch the film together,"" Sarna added.",sports,"['actor', 'jatin', 'sarna', 'took', 'instagram', 'mourn', 'demise', 'india', 'cricketer', 'yashpal', 'sharma', 'role', 'plays', 'upcoming', 'movie', 'saying', 'history', 'forget', 'sarna', 'shared', 'pictures', 'world', 'cup', 'winning', 'batsman', 'team', 'innings', 'left', 'watch', 'film', 'sarna', 'added']",0,0.10878321068341422,-0.10064993596985392,0
35,Copa America Trophy to be minted as NFT,"Community-oriented platform Ethernity Chain has announced that it will mint the Copa America trophy as a non-fungible token (NFT) in association with the South American Football Confederation (CONMEBOL). Recently, Argentina beat Brazil 1-0 to win their 15th Copa America title. Four other digital collectibles, commemorating the football teams of Argentina and Brazil, are also being minted,.",sports,"['community', 'oriented', 'platform', 'ethernity', 'chain', 'announced', 'mint', 'copa', 'america', 'trophy', 'non', 'fungible', 'token', 'nft', 'association', 'south', 'american', 'football', 'confederation', 'conmebol', 'recently', 'argentina', 'beat', 'brazil', 'win', 'copa', 'america', 'title', 'digital', 'collectibles', 'commemorating', 'football', 'teams', 'argentina', 'brazil', 'minted']",0,0.06304068028055959,-0.16555890335526355,0
36,Djokovic 1st player to qualify for 2021 ATP Finals after Wimbledon win,"Novak Djokovic became first player to qualify for 2021 ATP Finals after the world number one tied Roger Federer and Rafael Nadal's record with his 20th Grand Slam at Wimbledon on Sunday. Djokovic secured his 14th qualification for the season finale after winning his third straight major of 2021. The tournament will be held from November 14-21 in Turin, Italy.",sports,"['novak', 'djokovic', 'player', 'qualify', 'atp', 'finals', 'world', 'number', 'tied', 'roger', 'federer', 'rafael', 'nadal', 'record', 'grand', 'slam', 'wimbledon', 'sunday', 'djokovic', 'secured', 'qualification', 'season', 'finale', 'winning', 'straight', 'major', 'tournament', 'held', 'november', 'turin', 'italy']",0,0.16956445696391506,-0.2327786974757369,0
37,Facebook staff want it to do more against UK players' abuse: Report,"Several Facebook employees are ""frustrated"" that it is not doing enough to stop racist comments on English footballers Bukayo Saka and Marcus Rashford's accounts, journalist Ryan Mac reported. The employees have been flagging comments for over 12 hours now and some are wondering why Facebook wasn't more prepared. Facebook said it removed comments and accounts directing abuse at the players.",sports,"['facebook', 'employees', 'frustrated', 'doing', 'stop', 'racist', 'comments', 'english', 'footballers', 'bukayo', 'saka', 'marcus', 'rashford', 'accounts', 'journalist', 'ryan', 'mac', 'reported', 'employees', 'flagging', 'comments', 'hours', 'wondering', 'facebook', 'wasn', 'prepared', 'facebook', 'said', 'removed', 'comments', 'accounts', 'directing', 'abuse', 'players']",0,-0.10390985866179775,-0.024319159617964093,2
38,PM Modi condoles demise of 1983 WC-winning batsman Yashpal Sharma,"Prime Minister Narendra Modi took to Twitter to condole the demise of former India batsman Yashpal Sharma, who was a part of India's 1983 World Cup-winning squad. ""Yashpal Ji was an inspiration for teammates, fans as well as budding cricketers. Anguished by his passing away,"" PM Modi wrote. Yashpal passed away aged 66 due to heart attack. ",sports,"['prime', 'minister', 'narendra', 'modi', 'took', 'twitter', 'condole', 'demise', 'india', 'batsman', 'yashpal', 'sharma', 'india', 'world', 'cup', 'winning', 'squad', 'yashpal', 'inspiration', 'teammates', 'fans', 'budding', 'cricketers', 'anguished', 'passing', 'away', 'modi', 'wrote', 'yashpal', 'passed', 'away', 'aged', 'heart', 'attack']",0,0.12132614400981596,0.006662469382970554,0
39,SL tour will be challenging for Hardik Pandya as a batsman: Karim,"Ex-India wicketkeeper-batsman Saba Karim has said India's upcoming limited-overs series against Sri Lanka will be a challenge for all-rounder Hardik Pandya as a batsman. ""Pandya was struggling on slow Chennai pitches during IPL. He will get similar wickets in Sri Lanka,"" he added. In November 2020, Pandya became fastest Indian batsman in terms of balls to score 1,000 ODI runs.",sports,"['india', 'wicketkeeper', 'batsman', 'saba', 'karim', 'said', 'india', 'upcoming', 'limited', 'overs', 'series', 'sri', 'lanka', 'challenge', 'rounder', 'hardik', 'pandya', 'batsman', 'pandya', 'struggling', 'slow', 'chennai', 'pitches', 'ipl', 'similar', 'wickets', 'sri', 'lanka', 'added', 'november', 'pandya', 'fastest', 'indian', 'batsman', 'terms', 'balls', 'score', 'odi', 'runs']",0,0.22336753407838317,-0.08070184162848695,0
40,MS Dhoni taught Team India a new way of captaincy: Aakash ,"Commentator Aakash Chopra has said ex-India captain MS Dhoni taught the team a new way of captaincy. ""Sourav Ganguly used to find players but Dhoni groomed them. Dhoni created an environment where he could get the best out of every player that was there...Deepak Chahar gave me an example on how he [Dhoni] prepared him for death bowling,"" he added.",sports,"['commentator', 'aakash', 'chopra', 'said', 'india', 'captain', 'dhoni', 'taught', 'team', 'new', 'way', 'captaincy', 'sourav', 'ganguly', 'used', 'players', 'dhoni', 'groomed', 'dhoni', 'created', 'environment', 'best', 'player', 'deepak', 'chahar', 'gave', 'example', 'dhoni', 'prepared', 'death', 'bowling', 'added']",0,0.1411242399115866,-0.0768256172083674,0
41,"I would've said, no way: Sampras on 3 players surpassing his Slam tally","Fourteen-time Grand Slam champion Pete Sampras said that he had never envisioned three players surpassing him on the Grand Slam leaderboard within two decades of his retirement. Roger Federer, was the first player to break Sampras' record when he won Wimbledon in 2009. Nadal and Djokovic broke American's tally with 2017 French Open and 2019 Australian Open title respectively.",sports,"['fourteen', 'time', 'grand', 'slam', 'champion', 'pete', 'sampras', 'said', 'envisioned', 'players', 'surpassing', 'grand', 'slam', 'leaderboard', 'decades', 'retirement', 'roger', 'federer', 'player', 'break', 'sampras', 'record', 'won', 'wimbledon', 'nadal', 'djokovic', 'broke', 'american', 'tally', 'french', 'open', 'australian', 'open', 'title', 'respectively']",0,0.10044798034212854,-0.20615235051537587,0
42,Muhammad Ali: Mary Kom after PM Modi asks her to name favourite athlete,"While interacting with India's Tokyo-bound athletes, PM Narendra Modi asked six-time world champion boxer Mary Kom to name her favourite athlete. ""Mary Kom Ji...the entire country takes inspiration [from you]...I just wanted to ask...who's your favourite sportsperson?"" asked PM Modi. ""When I talk about boxers, my favourite [is] Muhammad Ali,"" the London Olympics bronze medallist replied. ",sports,"['interacting', 'india', 'tokyo', 'bound', 'athletes', 'narendra', 'modi', 'asked', 'time', 'world', 'champion', 'boxer', 'mary', 'kom', 'favourite', 'athlete', 'mary', 'kom', 'entire', 'country', 'takes', 'inspiration', 'just', 'wanted', 'ask', 'favourite', 'sportsperson', 'asked', 'modi', 'talk', 'boxers', 'favourite', 'muhammad', 'ali', 'london', 'olympics', 'bronze', 'medallist', 'replied']",0,0.12986140896061615,-0.053425324308353575,0
43,WI's Stafanie displaces India's Mithali to top Women's ODI batter rankings,"West Indies captain Stafanie Taylor on Tuesday displaced India captain Mithali Raj from the number one position in the latest ICC Women's ODI rankings for batters. Taylor has also been ranked number one in the all-rounders' list, replacing Ellyse Perry of Australia. Taylor had slammed unbeaten 105 against Pakistan in the first ODI of the ongoing five-match series. ",sports,"['west', 'indies', 'captain', 'stafanie', 'taylor', 'tuesday', 'displaced', 'india', 'captain', 'mithali', 'raj', 'number', 'position', 'latest', 'icc', 'women', 'odi', 'rankings', 'batters', 'taylor', 'ranked', 'number', 'rounders', 'list', 'replacing', 'ellyse', 'perry', 'australia', 'taylor', 'slammed', 'unbeaten', 'pakistan', 'odi', 'ongoing', 'match', 'series']",0,0.14839650239081825,-0.11489765588203307,0
44,"Babar overtakes Amla, Kohli to become fastest batsman to hit 14 ODI tons","Pakistan captain Babar Azam has become the fastest batsman to slam 14 ODI hundreds, achieving the feat in his 81st innings during their third England ODI. Babar surpassed South Africa's Hashim Amla, who had scored his 14th ODI ton in his 84th innings. Australia's David Warner had taken 98 innings, while Virat Kohli took 103 innings to reach the milestone. ",sports,"['pakistan', 'captain', 'babar', 'azam', 'fastest', 'batsman', 'slam', 'odi', 'hundreds', 'achieving', 'feat', 'innings', 'england', 'odi', 'babar', 'surpassed', 'south', 'africa', 'hashim', 'amla', 'scored', 'odi', 'ton', 'innings', 'australia', 'david', 'warner', 'taken', 'innings', 'virat', 'kohli', 'took', 'innings', 'reach', 'milestone']",0,0.2531732405403534,-0.13133387839952826,0
45,India to host badminton World Championships in 2026,"Badminton World Federation (BWF) on Tuesday confirmed that India will be hosting the World Championships in 2026. India were scheduled to organise the Sudirman Cup in 2023 but BWF decided to give the hosting rights of the World Mixed Team Championships to Suzhou, China. It's the second time that India will be hosting the World Championships after 2009 in Hyderabad.",sports,"['badminton', 'world', 'federation', 'bwf', 'tuesday', 'confirmed', 'india', 'hosting', 'world', 'championships', 'india', 'scheduled', 'organise', 'sudirman', 'cup', 'bwf', 'decided', 'hosting', 'rights', 'world', 'mixed', 'team', 'championships', 'suzhou', 'china', 'second', 'time', 'india', 'hosting', 'world', 'championships', 'hyderabad']",0,0.11609505007945553,-0.12801933928000725,0
46,Rashford will put his hand up and say he wants to take penalty again: Solskjaer,"Amid Marcus Rashford's criticism for missing penalty for England in Euro 2020 final against Italy, Manchester United manager Ole Gunnar Solskjaer has said their forward Rashford will not hesitate to take penalty again. ""When you step up to take a penalty, I think you've already won...[because] you've taken on responsibility [that many players don't want to take],"" he added. ",sports,"['amid', 'marcus', 'rashford', 'criticism', 'missing', 'penalty', 'england', 'euro', 'final', 'italy', 'manchester', 'united', 'manager', 'ole', 'gunnar', 'solskjaer', 'said', 'forward', 'rashford', 'hesitate', 'penalty', 'step', 'penalty', 'think', 'won', 'taken', 'responsibility', 'players', 'don', 'want', 'added']",0,0.004723601674298102,-0.0926802802556428,0
47,WI's Fabian Allen dives to complete rebound after Bravo drops catch,"West Indies all-rounder Fabian Allen took a diving catch to dismiss Australia skipper Aaron Finch in the third T20I of the five-match series. Interestingly, it was Dwayne Bravo who got to the ball first, but fumbled and could not hold it. The ball popped out of his hands and Allen made a full-stretch dive to take the rebound. ",sports,"['west', 'indies', 'rounder', 'fabian', 'allen', 'took', 'diving', 'catch', 'dismiss', 'australia', 'skipper', 'aaron', 'finch', 'match', 'series', 'interestingly', 'dwayne', 'bravo', 'got', 'ball', 'fumbled', 'hold', 'ball', 'popped', 'hands', 'allen', 'stretch', 'dive', 'rebound']",0,0.0893394967788309,-0.2157457407979824,0
48,Would be frustrating to not be able to participate in The Hundred: Stokes,"England all-rounder Ben Stokes has said it would be ""devastating"" and ""frustrating"" for the country's Test cricketers if they are ruled out of 'The Hundred' due to safety from COVID-19 for the upcoming five-match Test series against India. ""'The Hundred' is a massive event for England and we want to be part of it,"" he added. 
",sports,"['england', 'rounder', 'ben', 'stokes', 'said', 'devastating', 'frustrating', 'country', 'test', 'cricketers', 'ruled', 'safety', 'covid', 'upcoming', 'match', 'test', 'series', 'india', 'massive', 'event', 'england', 'want', 'added']",0,0.025088094392297595,-0.10672279728937159,0
49,India Women fined for slow over-rate in 2nd T20I vs England Women,"India Women on Monday were fined 20% of their match fee for maintaining a slow over-rate against England Women in the second T20I in Hove, England. Match referee Phil Whitticase imposed the sanction after Harmanpreet Kaur-led India was ruled to be one over short of the target after time allowances were taken into consideration. India defeated England by eight runs.",sports,"['india', 'women', 'monday', 'fined', 'match', 'fee', 'maintaining', 'slow', 'rate', 'england', 'women', 'second', 'hove', 'england', 'match', 'referee', 'phil', 'whitticase', 'imposed', 'sanction', 'harmanpreet', 'kaur', 'led', 'india', 'ruled', 'short', 'target', 'time', 'allowances', 'taken', 'consideration', 'india', 'defeated', 'england', 'runs']",0,0.04562430735486471,-0.05818924367431785,0
50,Rajasthan BJP legislator sent to prison in forgery case,"BJP legislator Amrit Lal Meena was sent to jail on Tuesday in Rajasthan's Udaipur for submitting fake documents of his wife for her election as a village head in 2015. A chargesheet has been filed against wife Shanti Devi, who is out on bail. Police said Meena surrendered after the High Court and Supreme Court rejected his interim bail.",politics,"['bjp', 'legislator', 'amrit', 'lal', 'meena', 'sent', 'jail', 'tuesday', 'rajasthan', 'udaipur', 'submitting', 'fake', 'documents', 'wife', 'election', 'village', 'head', 'chargesheet', 'filed', 'wife', 'shanti', 'devi', 'bail', 'police', 'said', 'meena', 'surrendered', 'high', 'court', 'supreme', 'court', 'rejected', 'interim', 'bail']",1,0.07554315806885048,0.1650956827396035,1
51,Prashant Kishor meets Cong leader Rahul Gandhi at his residence in Delhi,"Poll strategist Prashant Kishor on Tuesday met Congress leader Rahul Gandhi at his residence in Delhi. According to reports, senior party leaders including Priyanka Gandhi, KC Venugopal and Harish Rawat, the in-charge of Punjab affairs, were present during the meeting. Last week, Punjab CM Captain Amarinder Singh had met Kishor at Kapurthala House, the CM's residence in Delhi.",politics,"['poll', 'strategist', 'prashant', 'kishor', 'tuesday', 'met', 'congress', 'leader', 'rahul', 'gandhi', 'residence', 'delhi', 'according', 'reports', 'senior', 'party', 'leaders', 'including', 'priyanka', 'gandhi', 'venugopal', 'harish', 'rawat', 'charge', 'punjab', 'affairs', 'present', 'meeting', 'week', 'punjab', 'captain', 'amarinder', 'singh', 'met', 'kishor', 'kapurthala', 'house', 'residence', 'delhi']",1,0.16645638981869376,0.1860159772530651,1
52,"Smriti Irani, Bhupender Yadav named in political affairs cabinet committee","Following the Union Cabinet reshuffle, the Centre has made changes in the cabinet committees naming Smriti Irani, Bhupender Yadav and Sarbananda Sonowal as part of the political affairs panel headed by PM Narendra Modi. Union Ministers Virendra Kumar, Kiren Rijiju and Anurag Singh Thakur have been named in the cabinet committee on Parliamentary affairs headed by Defence Minister Rajnath Singh.",politics,"['following', 'union', 'cabinet', 'reshuffle', 'centre', 'changes', 'cabinet', 'committees', 'naming', 'smriti', 'irani', 'bhupender', 'yadav', 'sarbananda', 'sonowal', 'political', 'affairs', 'panel', 'headed', 'narendra', 'modi', 'union', 'ministers', 'virendra', 'kumar', 'kiren', 'rijiju', 'anurag', 'singh', 'thakur', 'named', 'cabinet', 'committee', 'parliamentary', 'affairs', 'headed', 'defence', 'minister', 'rajnath', 'singh']",1,0.1233887120639896,0.2249388816046648,1
53,High time K'taka brings new population policy too: BJP leader CT Ravi,"BJP National General Secretary CT Ravi on Tuesday pitched for bringing in a new population policy in Karnataka, on the lines of Assam and UP. ""With the limited natural resources available, it'll be difficult to meet the needs of every citizen if there's a population explosion,"" he tweeted. However, the CMO said there are no such plans for the state.",politics,"['bjp', 'national', 'general', 'secretary', 'ravi', 'tuesday', 'pitched', 'bringing', 'new', 'population', 'policy', 'karnataka', 'lines', 'assam', 'limited', 'natural', 'resources', 'available', 'difficult', 'meet', 'needs', 'citizen', 'population', 'explosion', 'tweeted', 'cmo', 'said', 'plans', 'state']",1,-0.060516179198818895,0.062222957616793785,2
54,"At the age of becoming grandfather, Aamir wants 3rd wife: BJP MP Sudhir","Sudhir Gupta, Bharatiya Janata Party (BJP) MP from Madhya Pradesh's Mandsaur, said that at the age of becoming a grandfather, Aamir Khan is looking for a third wife. CNN-News18 quoted the BJP leader as saying, ""Aamir Khan left his first wife Reena Dutta with two children, Kiran Rao with one child and now...he is looking for a third wife.""",politics,"['sudhir', 'gupta', 'bharatiya', 'janata', 'party', 'bjp', 'madhya', 'pradesh', 'mandsaur', 'said', 'age', 'grandfather', 'aamir', 'khan', 'looking', 'wife', 'cnn', 'news', 'quoted', 'bjp', 'leader', 'saying', 'aamir', 'khan', 'left', 'wife', 'reena', 'dutta', 'children', 'kiran', 'rao', 'child', 'looking', 'wife']",1,0.2444759735139231,0.19000300428172984,1
55,"Rising COVID-19 cases worrying, take action: PM to northeast CMs","During his interaction with Chief Ministers of eight northeastern states on Tuesday, Prime Minister Narendra Modi expressed worry over the rise in COVID-19 cases in some districts and asked the CMs to take strict actions at the micro-level, a press release said. He suggested monitoring the variants of the virus and spoke about the importance of COVID-19 appropriate behaviour. ",politics,"['interaction', 'chief', 'ministers', 'northeastern', 'states', 'tuesday', 'prime', 'minister', 'narendra', 'modi', 'expressed', 'worry', 'rise', 'covid', 'cases', 'districts', 'asked', 'cms', 'strict', 'actions', 'micro', 'level', 'press', 'release', 'said', 'suggested', 'monitoring', 'variants', 'virus', 'spoke', 'importance', 'covid', 'appropriate', 'behaviour']",1,-0.10266366195662832,0.1427430529710372,1
56,"Rajya Sabha MP to move bill to penalise MPs, MLAs with over 2 kids","Rajya Sabha MP Rakesh Sinha has proposed to move a private member's bill on population regulation in the upcoming monsoon session of the Parliament. Among other penalties, the bill seeks to disqualify an MP, MLA or anybody from the local self-government if he or she has more than two children. The monsoon session is set to begin on July 19.",politics,"['rajya', 'sabha', 'rakesh', 'sinha', 'proposed', 'private', 'member', 'population', 'regulation', 'upcoming', 'monsoon', 'session', 'parliament', 'penalties', 'seeks', 'disqualify', 'mla', 'anybody', 'local', 'self', 'government', 'children', 'monsoon', 'session', 'set', 'begin', 'july']",1,-0.02931185647020218,0.11408993059374359,1
57,"We'll meet CM, Pawar over reservation issues: Maha Cong chief","Maharashtra Congress chief Nana Patole on Tuesday said leaders of the party will discuss the issue of Maratha and OBC reservations with NCP chief Sharad Pawar and CM Uddhav Thackeray. ""We should understand government functioning is different and party functioning is different,"" Patole said. Earlier, he had accused Sena and NCP leaders of spying on him and other Congress leaders. ",politics,"['maharashtra', 'congress', 'chief', 'nana', 'patole', 'tuesday', 'said', 'leaders', 'party', 'discuss', 'issue', 'maratha', 'obc', 'reservations', 'ncp', 'chief', 'sharad', 'pawar', 'uddhav', 'thackeray', 'understand', 'government', 'functioning', 'different', 'party', 'functioning', 'different', 'patole', 'said', 'earlier', 'accused', 'sena', 'ncp', 'leaders', 'spying', 'congress', 'leaders']",1,0.030899623294179657,0.19050663194365222,1
58,Good news for Punjab Cong soon: Harish Rawat after meeting Rahul,"After meeting Congress leader Rahul Gandhi, Punjab Congress in-charge Harish Rawat on Tuesday said that Congress' unit in the state will get ""good news"" in the next three to four days. Rawat also commented on the meeting between Rahul and poll strategist Prashant Kishor and said, ""Kishor didn't meet him to negotiate something regarding Punjab."" ",politics,"['meeting', 'congress', 'leader', 'rahul', 'gandhi', 'punjab', 'congress', 'charge', 'harish', 'rawat', 'tuesday', 'said', 'congress', 'unit', 'state', 'good', 'news', 'days', 'rawat', 'commented', 'meeting', 'rahul', 'poll', 'strategist', 'prashant', 'kishor', 'said', 'kishor', 'didn', 'meet', 'negotiate', 'regarding', 'punjab']",1,0.12576658874642072,0.20530074862677308,1
59,YS Sharmila goes on fast to demand jobs for the unemployed in T'gana,"YSR Telangana Party leader YS Sharmila on Tuesday went on a fast in Wanaparthy district of Telangana demanding the state government to fill the vacancies in government departments. A day after announcing that every Tuesday will be observed as 'unemployment day', Sharmila reached Wanaparthy district and consoled the family of an unemployed youth who recently died by suicide.",politics,"['ysr', 'telangana', 'party', 'leader', 'sharmila', 'tuesday', 'went', 'fast', 'wanaparthy', 'district', 'telangana', 'demanding', 'state', 'government', 'vacancies', 'government', 'departments', 'day', 'announcing', 'tuesday', 'observed', 'unemployment', 'day', 'sharmila', 'reached', 'wanaparthy', 'district', 'consoled', 'family', 'unemployed', 'youth', 'recently', 'died', 'suicide']",1,0.00939779551423091,0.135308287695431,1
60,DNA test ordered to identify body of man who died in WB violence,"The Calcutta HC on Tuesday ordered a DNA test to identify body of a BJP worker Abhijit Sarkar, who allegedly died in post-poll violence in West Bengal. His brother Biswajit reportedly failed to identify the body as it was mutilated. The samples have to be sent to CFSL, Kolkata, and the report to be submitted within seven days, HC added. ",politics,"['calcutta', 'tuesday', 'ordered', 'dna', 'test', 'identify', 'body', 'bjp', 'worker', 'abhijit', 'sarkar', 'allegedly', 'died', 'post', 'poll', 'violence', 'west', 'bengal', 'brother', 'biswajit', 'reportedly', 'failed', 'identify', 'body', 'mutilated', 'samples', 'sent', 'cfsl', 'kolkata', 'report', 'submitted', 'seven', 'days', 'added']",1,-0.014722302795869089,0.058082808904167664,1
61,Ex-Haryana CM blames BJP-JJP govt for rising unemployment in state,"Haryana's Leader of Opposition and ex-CM, Bhupinder Singh Hooda, blamed the BJP-JJP government for rising unemployment in Haryana. Hooda said, ""Haryana is consistently topping the country in terms of unemployment as several big projects have been shifted out of the state...We are ahead of states like Bihar, Uttar Pradesh, Uttarakhand, and Madhya Pradesh in terms of unemployment.""",politics,"['haryana', 'leader', 'opposition', 'bhupinder', 'singh', 'hooda', 'blamed', 'bjp', 'jjp', 'government', 'rising', 'unemployment', 'haryana', 'hooda', 'said', 'haryana', 'consistently', 'topping', 'country', 'terms', 'unemployment', 'big', 'projects', 'shifted', 'state', 'ahead', 'states', 'like', 'bihar', 'uttar', 'pradesh', 'uttarakhand', 'madhya', 'pradesh', 'terms', 'unemployment']",1,0.1014272245436975,0.14764545981884264,1
62,Loot of J&K only motive behind abrogation of Article 370: Mufti,"Peoples Democratic Party chief and former J&K CM Mehbooba Mufti said that the only motive behind the abrogation of Article 370 was the ""loot of J&K"". ""People from outside are being given top positions at Chenab Valley Power. Projects, our water...electricity go outside,"" she added. ""Our transporters are in trouble. They've to pay toll tax and whatnot,"" Mufti stated.",politics,"['peoples', 'democratic', 'party', 'chief', 'mehbooba', 'mufti', 'said', 'motive', 'abrogation', 'article', 'loot', 'people', 'outside', 'given', 'positions', 'chenab', 'valley', 'power', 'projects', 'water', 'electricity', 'outside', 'added', 'transporters', 'trouble', 'pay', 'toll', 'tax', 'whatnot', 'mufti', 'stated']",1,-0.1430334158639121,0.09359507322505871,2
63,Kejriwal has done PhD in lying: Anil Vij on water crisis in Delhi,"After the Delhi government blamed Haryana for the national capital's water shortage, Haryana Home Minister Anil Vij said that Delhi Chief Minister Arvind Kejriwal has done ""PhD in lying"". ""First, he showed fake data to get excessive medical oxygen and now he's falsely accusing us to hide his failure of not being able to provide water to Delhiites,"" Vij added.",politics,"['delhi', 'government', 'blamed', 'haryana', 'national', 'capital', 'water', 'shortage', 'haryana', 'home', 'minister', 'anil', 'vij', 'said', 'delhi', 'chief', 'minister', 'arvind', 'kejriwal', 'phd', 'lying', 'showed', 'fake', 'data', 'excessive', 'medical', 'oxygen', 'falsely', 'accusing', 'hide', 'failure', 'able', 'provide', 'water', 'delhiites', 'vij', 'added']",1,-0.02398318490929008,0.11437484560236945,1
64,"SP's Azam Khan, son recover from COVID-19; shifted back to jail ","Samajwadi Party MP Azam Khan and his 30-year-old son Abdullah Khan were on Tuesday shifted back to UP's Sitapur jail from a hospital in Lucknow where they were undergoing treatment for COVID-19, officials said. Azam Khan and his son were admitted to the hospital on May 9. They were lodged in jail in February 2020 in connection with various cases.",politics,"['samajwadi', 'party', 'azam', 'khan', 'year', 'old', 'son', 'abdullah', 'khan', 'tuesday', 'shifted', 'sitapur', 'jail', 'hospital', 'lucknow', 'undergoing', 'treatment', 'covid', 'officials', 'said', 'azam', 'khan', 'son', 'admitted', 'hospital', 'lodged', 'jail', 'february', 'connection', 'various', 'cases']",1,0.0751280358170307,0.13474928361871757,1
65,AAP has always recognised my vision & work for Punjab: Navjot Sidhu,"Amid efforts by Congress high command to end factionalism in party's Punjab unit, Congress' Navjot Singh Sidhu said AAP has ""always recognised his vision and work"" for Punjab. ""Be it before 2017 beadbi, drugs, farmers' issues, corruption and power crisis faced by people of Punjab...Today, as I present 'Punjab model'...it's clear they know who's really fighting for Punjab,"" Sidhu added.",politics,"['amid', 'efforts', 'congress', 'high', 'command', 'end', 'factionalism', 'party', 'punjab', 'unit', 'congress', 'navjot', 'singh', 'sidhu', 'said', 'aap', 'recognised', 'vision', 'work', 'punjab', 'beadbi', 'drugs', 'farmers', 'issues', 'corruption', 'power', 'crisis', 'faced', 'people', 'punjab', 'today', 'present', 'punjab', 'model', 'clear', 'know', 'really', 'fighting', 'punjab', 'sidhu', 'added']",1,0.010256491403030796,0.10355650001147355,1
66,8 BJP MLAs quit Bengal Assembly panels over Mukul Roy's elevation,"Eight BJP MLAs on Tuesday resigned as heads of Assembly Committees over the appointment of TMC’s Mukul Roy as the Chairman of the Public Accounts Committee (PAC). Leader of Opposition Suvendu Adhikari said Roy joined TMC, hence can’t be considered as a BJP member. As per norms, a member of the main Opposition party is made the PAC chief.",politics,"['bjp', 'mlas', 'tuesday', 'resigned', 'heads', 'assembly', 'committees', 'appointment', 'tmc', 'mukul', 'roy', 'chairman', 'public', 'accounts', 'committee', 'pac', 'leader', 'opposition', 'suvendu', 'adhikari', 'said', 'roy', 'joined', 'tmc', 'considered', 'bjp', 'member', 'norms', 'member', 'main', 'opposition', 'party', 'pac', 'chief']",1,0.04552231945576489,0.1722944894330298,1
67,Parliamentary system being politicised in Bengal Assembly: Suvendu,"Leader of Opposition in Bengal Assembly Suvendu Adhikari said he had a telephonic discussion with Lok Sabha Speaker Om Birla over the appointment of TMC's Mukul Roy as Chairman of Public Accounts Committee (PAC). ""We will send copies (of letter) on how the parliamentary system is being politicised in the [state] Assembly...to leaders of all Centre-led states,"" said Suvendu. ",politics,"['leader', 'opposition', 'bengal', 'assembly', 'suvendu', 'adhikari', 'said', 'telephonic', 'discussion', 'lok', 'sabha', 'speaker', 'birla', 'appointment', 'tmc', 'mukul', 'roy', 'chairman', 'public', 'accounts', 'committee', 'pac', 'send', 'copies', 'letter', 'parliamentary', 'politicised', 'state', 'assembly', 'leaders', 'centre', 'led', 'states', 'said', 'suvendu']",1,-0.012124274707004837,0.1503821208821633,1
68,Assam cattle bill is politically motivated: J'khand Congress chief,"Jharkhand Congress Working President, Rajesh Thakur, has said that Assam government's cattle protection bill is ""politically motivated"". Thakur added, ""Cow slaughter and beef sale [are] banned in many states including Jharkhand but such type of specifications are not given. It's part of BJP's attempt to polarise society."" The bill bars beef selling within 5 km of temples.",politics,"['jharkhand', 'congress', 'working', 'president', 'rajesh', 'thakur', 'said', 'assam', 'government', 'cattle', 'protection', 'politically', 'motivated', 'thakur', 'added', 'cow', 'slaughter', 'beef', 'sale', 'banned', 'states', 'including', 'jharkhand', 'type', 'specifications', 'given', 'bjp', 'attempt', 'polarise', 'society', 'bars', 'beef', 'selling', 'temples']",1,-0.003651809152431746,0.12585725400616668,1
69,"Punjab PCC to get new chief, Amarinder will stay CM: Harish Rawat","Punjab Congress in-charge Harish Rawat has said that Captain Amarinder Singh is going to retain his post as Chief Minister. ""Nobody demanded any change at that level,"" he added. Rawat, however, said that Punjab will get a new Pradesh Congress Committee (PCC) chief and a ""few new faces"" in the Cabinet of Amarinder Singh.",politics,"['punjab', 'congress', 'charge', 'harish', 'rawat', 'said', 'captain', 'amarinder', 'singh', 'going', 'retain', 'post', 'chief', 'minister', 'demanded', 'change', 'level', 'added', 'rawat', 'said', 'punjab', 'new', 'pradesh', 'congress', 'committee', 'pcc', 'chief', 'new', 'faces', 'cabinet', 'amarinder', 'singh']",1,0.08404656401314595,0.160272415410547,1
70,Congress will emerge number one party in Maharashtra: Nana Patole,"Maharashtra Congress chief Nana Patole said his party will emerge as the number one party in the state, maintaining that everything is fine in the alliance. ""We have been taking various issues of the common people since last few days. People are supporting us in our fight against the Centre over inflation and rising fuel prices,"" Patole said.",politics,"['maharashtra', 'congress', 'chief', 'nana', 'patole', 'said', 'party', 'emerge', 'number', 'party', 'state', 'maintaining', 'fine', 'alliance', 'taking', 'various', 'issues', 'common', 'people', 'days', 'people', 'supporting', 'fight', 'centre', 'inflation', 'rising', 'fuel', 'prices', 'patole', 'said']",1,-0.11592341521222667,0.07304485558506621,2
71,Centre's inept management of economy caused inflation: Chidambaram,"Criticising the Centre over the rising prices of fuel and other commodities, Congress leader P Chidambaram said inflation in the country was caused by Centre's ""wrong policies"" and its ""inept management"" of the economy. ""Congress demands that the...government immediately reduces the prices of petrol, diesel and LPG,"" he added. ""Inflation has broken the back of the people,"" Chidambaram said.",politics,"['criticising', 'centre', 'rising', 'prices', 'fuel', 'commodities', 'congress', 'leader', 'chidambaram', 'said', 'inflation', 'country', 'caused', 'centre', 'wrong', 'policies', 'inept', 'management', 'economy', 'congress', 'demands', 'government', 'immediately', 'reduces', 'prices', 'petrol', 'diesel', 'lpg', 'added', 'inflation', 'broken', 'people', 'chidambaram', 'said']",1,-0.11782382885153164,0.13236944766186282,2
72,K'taka CM is a mouse: Siddaramaiah over bank exam language row,"Congress leader Siddaramaiah on Tuesday demanded the resignation of Karnataka CM BS Yediyurappa for not providing an option to take banking exams in Kannada. Siddaramaiah tweeted, ""Yediyurappa's followers call him huli (tiger), but in reality, he is ili (mouse). He hides in burrows when he has to stand up in front of (Prime Minister) Narendra Modi.""",politics,"['congress', 'leader', 'siddaramaiah', 'tuesday', 'demanded', 'resignation', 'karnataka', 'yediyurappa', 'providing', 'option', 'banking', 'exams', 'kannada', 'siddaramaiah', 'tweeted', 'yediyurappa', 'followers', 'huli', 'tiger', 'reality', 'ili', 'mouse', 'hides', 'burrows', 'stand', 'prime', 'minister', 'narendra', 'modi']",1,0.05627995999806227,0.11972080154166094,1
73,Modi govt is least concerned in protecting people's lives: Yechury,"Citing a slow vaccination rate, CPI(M) General Secretary Sitaram Yechury on Tuesday remarked that the Modi government is least concerned in protecting people's lives. ""[On] July 11, only 1.33 million vaccines were administered, lowest since May 30, says CoWin. To meet the target of all adults vaccinated by year-end, 8.65 million vaccines must be administered daily till then,"" Yechury tweeted. ",politics,"['citing', 'slow', 'vaccination', 'rate', 'cpi', 'general', 'secretary', 'sitaram', 'yechury', 'tuesday', 'remarked', 'modi', 'government', 'concerned', 'protecting', 'people', 'lives', 'july', 'million', 'vaccines', 'administered', 'lowest', 'says', 'cowin', 'meet', 'target', 'adults', 'vaccinated', 'year', 'end', 'million', 'vaccines', 'administered', 'daily', 'till', 'yechury', 'tweeted']",1,-0.10179970538724971,0.061496276872433565,2
74,Telangana Congress leader Kaushik Reddy expelled over viral clip ,"Congress leader Padi Kaushik Reddy has been expelled by the Telangana Congress after a clip that showed Reddy expressing readiness to join the TRS party went viral. However, reports said that Reddy had submitted his resignation to party president Sonia Gandhi. ""I and many workers in the Congress have worked hard for the party but went unrecognised,"" Kaushik Reddy said. ",politics,"['congress', 'leader', 'padi', 'kaushik', 'reddy', 'expelled', 'telangana', 'congress', 'clip', 'showed', 'reddy', 'expressing', 'readiness', 'join', 'trs', 'party', 'went', 'viral', 'reports', 'said', 'reddy', 'submitted', 'resignation', 'party', 'president', 'sonia', 'gandhi', 'workers', 'congress', 'worked', 'hard', 'party', 'went', 'unrecognised', 'kaushik', 'reddy', 'said']",1,0.07470617462195582,0.18952649020976353,1
